INSERT INTO CLIENTE VALUES('00000001','MARIO','ROSSI','M',TO_DATE('11/08/1995','DD/MM/YYYY'),0);
INSERT INTO CLIENTE VALUES('00000002','GABRIELE','PAOLOCCI','M',TO_DATE('11/08/1996','DD/MM/YYYY'),0);
INSERT INTO CLIENTE VALUES('00000003','ETTORE','DI LORRA','M',TO_DATE('11/08/1990','DD/MM/YYYY'),0);
INSERT INTO CLIENTE VALUES('00000004','GABRIELLA','DEMARCO','F',TO_DATE('11/08/1993','DD/MM/YYYY'),0);
INSERT INTO CLIENTE VALUES('00000005','GIUSEPPE','DI PALMA','M',TO_DATE('11/08/1992','DD/MM/YYYY'),0);
INSERT INTO CLIENTE VALUES('00000006','MARCELLA','CICCARELLI','F',TO_DATE('11/08/1979','DD/MM/YYYY'),0);
INSERT INTO CLIENTE VALUES('00000007','MARIKA','CICCARELLO','F',TO_DATE('11/08/1982','DD/MM/YYYY'),0);
INSERT INTO CLIENTE VALUES('00000008','MARVI','BIANCARDI','F',TO_DATE('11/08/1979','DD/MM/YYYY'),0);
INSERT INTO CLIENTE VALUES('00000009','ALFONSO','DI PALMA','M',TO_DATE('11/08/1976','DD/MM/YYYY'),0);
INSERT INTO CLIENTE VALUES('00000010','DOMENICO','RONDA','M',TO_DATE('11/08/1980','DD/MM/YYYY'),0);
INSERT INTO CLIENTE VALUES('00000011','GIANLUCA','ANACLERIA','M',TO_DATE('11/06/1991','DD/MM/YYYY'),0);
INSERT INTO CLIENTE VALUES('00000012','ARISTOTELE','BIRRA','M',TO_DATE('11/08/1984','DD/MM/YYYY'),0);
INSERT INTO CLIENTE VALUES('00000013','PINA','BELLATO','F',TO_DATE('11/08/1987','DD/MM/YYYY'),0);
INSERT INTO CLIENTE VALUES('00000014','FELICE','PORCARO','M',TO_DATE('11/08/1965','DD/MM/YYYY'),0);
INSERT INTO CLIENTE VALUES('00000015','LORENZO','CHERUBINI','M',TO_DATE('11/08/1978','DD/MM/YYYY'),0);
--
INSERT INTO CLIENTE VALUES('00000016','MARIA','CASAMODENA','F',TO_DATE('12/08/1977','DD/MM/YYYY'),0);
INSERT INTO CLIENTE VALUES('00000017','OMERO','ESPOSITO','M',TO_DATE('19/07/1969','DD/MM/YYYY'),0);
INSERT INTO CLIENTE VALUES('00000018','BARTOLOMEO','SIMPSON','M',TO_DATE('11/08/1978','DD/MM/YYYY'),0);
INSERT INTO CLIENTE VALUES('00000019','LORENZA','AUTIERO','F',TO_DATE('30/08/1978','DD/MM/YYYY'),0);
INSERT INTO CLIENTE VALUES('00000020','PAOLO','SERRA','M',TO_DATE('11/08/1979','DD/MM/YYYY'),0);
INSERT INTO CLIENTE VALUES('00000021','ANDREA','GAETA','M',TO_DATE('12/09/1982','DD/MM/YYYY'),0);
INSERT INTO CLIENTE VALUES('00000022','MATTEO','SERRENTINO','M',TO_DATE('15/09/1992','DD/MM/YYYY'),0);
INSERT INTO CLIENTE VALUES('00000023','MASSIMO','GAZZOTTI','M',TO_DATE('11/08/1978','DD/MM/YYYY'),0);
INSERT INTO CLIENTE VALUES('00000024','VINCENZO','PABLO','M',TO_DATE('18/08/1978','DD/MM/YYYY'),0);
INSERT INTO CLIENTE VALUES('00000025','ARMANDO','MANZO','M',TO_DATE('12/09/1978','DD/MM/YYYY'),0);
INSERT INTO CLIENTE VALUES('00000026','GIOVANNI','PIRATA','M',TO_DATE('12/08/1978','DD/MM/YYYY'),0);
INSERT INTO CLIENTE VALUES('00000027','ALFREDO','RASTELLO','M',TO_DATE('23/09/1985','DD/MM/YYYY'),0);
INSERT INTO CLIENTE VALUES('00000028','ANTONIO','BAROMETRO','M',TO_DATE('20/04/1985','DD/MM/YYYY'),0);
INSERT INTO CLIENTE VALUES('00000029','DAVIDE','PISCOPO','M',TO_DATE('11/12/1995','DD/MM/YYYY'),0);
INSERT INTO CLIENTE VALUES('00000030','MARCO','MILANO','M',TO_DATE('15/08/1996','DD/MM/YYYY'),0);


INSERT INTO CERTIFICATO_MEDICO VALUES (11111,TO_DATE('11/08/2017','DD/MM/YYYY'),'PIERLUIGI','VERDI','00000001');
INSERT INTO CERTIFICATO_MEDICO VALUES (11112,TO_DATE('25/09/2017','DD/MM/YYYY'),'PIRLUIGI','VERDI','00000002');
INSERT INTO CERTIFICATO_MEDICO VALUES (11113,TO_DATE('18/12/2017','DD/MM/YYYY'),'MARIANO','SACCHI','00000003');
INSERT INTO CERTIFICATO_MEDICO VALUES (11114,TO_DATE('21/10/2017','DD/MM/YYYY'),'NICOLA','BIANCARDI','00000004');
INSERT INTO CERTIFICATO_MEDICO VALUES (11115,TO_DATE('30/12/2017','DD/MM/YYYY'),'GIANLUCA','BELLOMO','00000005');
INSERT INTO CERTIFICATO_MEDICO VALUES (11116,TO_DATE('17/10/2017','DD/MM/YYYY'),'VINCENZO','FORTE','00000006');
INSERT INTO CERTIFICATO_MEDICO VALUES (11117,TO_DATE('01/09/2017','DD/MM/YYYY'),'MARIA','POPPI','00000007');
INSERT INTO CERTIFICATO_MEDICO VALUES (11118,TO_DATE('26/09/2017','DD/MM/YYYY'),'PIERLUIGI','LIPARDI','00000008');
INSERT INTO CERTIFICATO_MEDICO VALUES (11119,TO_DATE('28/10/2017','DD/MM/YYYY'),'BERNARDO','PELLEGRINO','00000009');
INSERT INTO CERTIFICATO_MEDICO VALUES (11110,TO_DATE('14/11/2017','DD/MM/YYYY'),'GIOVANNI','CIOTOLA','00000010');
INSERT INTO CERTIFICATO_MEDICO VALUES (11120,TO_DATE('26/09/2017','DD/MM/YYYY'),'PAOLO','ESPOSITO','00000011');
INSERT INTO CERTIFICATO_MEDICO VALUES (11121,TO_DATE('15/08/2017','DD/MM/YYYY'),'ANTONIO','VERDE','00000012');
INSERT INTO CERTIFICATO_MEDICO VALUES (11122,TO_DATE('14/09/2017','DD/MM/YYYY'),'MARCO','BELINELLI','00000013');
INSERT INTO CERTIFICATO_MEDICO VALUES (11123,TO_DATE('23/08/2017','DD/MM/YYYY'),'LUIGI','DATOME','00000014');
INSERT INTO CERTIFICATO_MEDICO VALUES (11124,TO_DATE('26/07/2017','DD/MM/YYYY'),'GIOVANI','BARGNANI','00000015');
--
INSERT INTO CERTIFICATO_MEDICO VALUES (11125,TO_DATE('26/07/2017','DD/MM/YYYY'),'ANDREA','BARGNANI','00000016');
INSERT INTO CERTIFICATO_MEDICO VALUES (11126,TO_DATE('26/07/2017','DD/MM/YYYY'),'ANTONIO','SERIE','00000017');
INSERT INTO CERTIFICATO_MEDICO VALUES (11127,TO_DATE('26/07/2017','DD/MM/YYYY'),'ORESTE','CHESTE','00000018');
INSERT INTO CERTIFICATO_MEDICO VALUES (11139,TO_DATE('26/07/2017','DD/MM/YYYY'),'CHRISTIAN','ARCISO','00000019');
INSERT INTO CERTIFICATO_MEDICO VALUES (11128,TO_DATE('26/07/2017','DD/MM/YYYY'),'MARIO','SCARFIO','00000020');
INSERT INTO CERTIFICATO_MEDICO VALUES (11129,TO_DATE('26/07/2017','DD/MM/YYYY'),'FRANCESCO','COSENTINI','00000021');
INSERT INTO CERTIFICATO_MEDICO VALUES (11130,TO_DATE('26/07/2017','DD/MM/YYYY'),'EMANUELE','CAOTTO','00000022');
INSERT INTO CERTIFICATO_MEDICO VALUES (11131,TO_DATE('26/07/2017','DD/MM/YYYY'),'FEDERICA','SERRA','00000023');
INSERT INTO CERTIFICATO_MEDICO VALUES (11132,TO_DATE('26/07/2017','DD/MM/YYYY'),'CLAUDIO','ACUNZO','00000024');
INSERT INTO CERTIFICATO_MEDICO VALUES (11133,TO_DATE('26/07/2017','DD/MM/YYYY'),'CLAUDIA','BERGAGIA','00000025');
INSERT INTO CERTIFICATO_MEDICO VALUES (11134,TO_DATE('26/07/2017','DD/MM/YYYY'),'MARIA','DE CRESCENZO','00000026');
INSERT INTO CERTIFICATO_MEDICO VALUES (11135,TO_DATE('26/07/2017','DD/MM/YYYY'),'CIRO','CIFARIELLO','00000027');
INSERT INTO CERTIFICATO_MEDICO VALUES (11136,TO_DATE('26/07/2017','DD/MM/YYYY'),'ARISTOTELE','BANO','00000028');
INSERT INTO CERTIFICATO_MEDICO VALUES (11137,TO_DATE('26/07/2017','DD/MM/YYYY'),'ENEA','SCOGNAMIGLIO','00000029');
INSERT INTO CERTIFICATO_MEDICO VALUES (11138,TO_DATE('26/07/2017','DD/MM/YYYY'),'DIEGO','PIROZZI','00000030');

INSERT INTO PALESTRA VALUES ('AAAAAAAAAAA','SUPERGYM'); 
INSERT INTO PALESTRA VALUES ('BBBBBBBBBBB','CAMPIONI');
INSERT INTO PALESTRA VALUES ('CCCCCCCCCCC','FORZUTI');
INSERT INTO PALESTRA VALUES ('DDDDDDDDDDD','RAMMOLLITI');
INSERT INTO PALESTRA VALUES ('EEEEEEEEEEE','ALFA OMEGA');
INSERT INTO PALESTRA VALUES ('FFFFFFFFFFF','BRANCALEONE');
INSERT INTO PALESTRA VALUES ('GGGGGGGGGGG','PARTHENOPE');
INSERT INTO PALESTRA VALUES ('HHHHHHHHHHH','FOREVERFIT');
INSERT INTO PALESTRA VALUES ('LLLLLLLLLLL','IMPERIAL');
INSERT INTO PALESTRA VALUES ('MMMMMMMMMMM','FITEXPRESS');
INSERT INTO PALESTRA VALUES ('PPPPPPPPPPP','PARCO FANFANA');
INSERT INTO PALESTRA VALUES ('XXXXXXXXXXX','ROYAL');
INSERT INTO PALESTRA VALUES ('KKKKKKKKKKK','VIRGILIANA');
INSERT INTO PALESTRA VALUES ('VVVVVVVVVVV','VESUVIO');
INSERT INTO PALESTRA VALUES ('ZZZZZZZZZZZ','TUTTO MUSCOLO');

INSERT INTO ESERCIZIO VALUES(1,'PETTORALI'); 
INSERT INTO ESERCIZIO VALUES(2,'BICIPITI');
INSERT INTO ESERCIZIO VALUES(3,'ADDOMINALI');
INSERT INTO ESERCIZIO VALUES(4,'SQUAT');
INSERT INTO ESERCIZIO VALUES(5,'COSCIE');
INSERT INTO ESERCIZIO VALUES(6,'DORSALI');
INSERT INTO ESERCIZIO VALUES(7,'POLPACCI');
INSERT INTO ESERCIZIO VALUES(8,'SPALLE');
INSERT INTO ESERCIZIO VALUES(9,'GLUTEI');
INSERT INTO ESERCIZIO VALUES(10,'ADDOMINALI BASSI');
INSERT INTO ESERCIZIO VALUES(11,'PETTORALI INTERNI');
INSERT INTO ESERCIZIO VALUES(12,'PETTORALI ALTI');
INSERT INTO ESERCIZIO VALUES(13,'TRICIPITI');
INSERT INTO ESERCIZIO VALUES(14,'POLLETTO');
INSERT INTO ESERCIZIO VALUES(15,'DEVIRIEMPIRE');
INSERT INTO ESERCIZIO VALUES(16,'LOLLALOLLO');


INSERT INTO ATTREZZO VALUES(222221,'PANCA PIANA'); 
INSERT INTO ATTREZZO VALUES(222222,'PANCA INCLINATA');
INSERT INTO ATTREZZO VALUES(222223,'LET MACHINE');
INSERT INTO ATTREZZO VALUES(222224,'CULR MACHINE');
INSERT INTO ATTREZZO VALUES(222225,'LEG MACHINE');
INSERT INTO ATTREZZO VALUES(222226,'LET MATCH');
INSERT INTO ATTREZZO VALUES(222227,'CABLE CROSSOVER');
INSERT INTO ATTREZZO VALUES(222228,'PANCA DECLINATA');
INSERT INTO ATTREZZO VALUES(222229,'PULLDOWN');
INSERT INTO ATTREZZO VALUES(222210,'PANCA BICIPITI');
INSERT INTO ATTREZZO VALUES(222211,'MULTI HIP');
INSERT INTO ATTREZZO VALUES(222212,'STANDING LEG');
INSERT INTO ATTREZZO VALUES(222213,'LATERAL RAISE');
INSERT INTO ATTREZZO VALUES(222214, 'LEG CURL');
INSERT INTO ATTREZZO VALUES(222215,'LEG EXTENSION');


INSERT INTO SEDE VALUES('VIA BARTOLO LONGO 85','NAPOLI',80121,2,'AAAAAAAAAAA');
INSERT INTO SEDE VALUES('VIA BENEVENTO 4','NAPOLI',80121,7,'BBBBBBBBBBB');
INSERT INTO SEDE VALUES('VIA QUATTROMANI 87','AVELLINO',83100,5,'CCCCCCCCCCC');
INSERT INTO SEDE VALUES('VIA BENEDETTO 1','BENEVENTO',82100,3,'DDDDDDDDDDD');
INSERT INTO SEDE VALUES('VIA GASPARE 34','NAPOLI',80121,9,'EEEEEEEEEEE');
INSERT INTO SEDE VALUES('VIA PAUCIULLO 42','NAPOLI',80121,4,'FFFFFFFFFFF');
INSERT INTO SEDE VALUES('VIA CAGLIARI 9','NAPOLI',80121,1,'GGGGGGGGGGG');
INSERT INTO SEDE VALUES('VIA TOZZI 23','BENEVENTO',82100,1,'HHHHHHHHHHH');
INSERT INTO SEDE VALUES('VIA IRON MAIDEN 65','CASERTA',81100,3,'LLLLLLLLLLL');
INSERT INTO SEDE VALUES('VIA POGGIBONZI 33','CASERTA',81100,8,'MMMMMMMMMMM');
INSERT INTO SEDE VALUES('VIA PERONONVALE 90','BENEVENTO',82100,4,'PPPPPPPPPPP');
INSERT INTO SEDE VALUES('VIA GIGLIO 43','AVELLINO',83100,6,'XXXXXXXXXXX');
INSERT INTO SEDE VALUES('VIA BIANCARDI 77','AVELLINO',83100,5,'KKKKKKKKKKK');
INSERT INTO SEDE VALUES('VIA BELLINI 56','BENEVENTO',82100,4,'VVVVVVVVVVV');
INSERT INTO SEDE VALUES('VIA GOBBATO 33','BENEVENTO',82100,7,'ZZZZZZZZZZZ');
--
INSERT INTO SEDE VALUES('VIA CHARLIE CHAPLIN 5','NAPOLI',80121,3,'AAAAAAAAAAA');
INSERT INTO SEDE VALUES('VIA CAMILLO DE MAIS','NAPOLI',80121,1,'AAAAAAAAAAA');
INSERT INTO SEDE VALUES('VIA VERONA 87','NAPOLI',80121,1,'FFFFFFFFFFF');
INSERT INTO SEDE VALUES('VIA DANTE 69','BENEVENTO',82100,2,'VVVVVVVVVVV');





 
 
INSERT INTO PERSONAL_TRAINER VALUES(999990,'ANTONIO','MINIERO',TO_DATE('21/06/1972','DD/MM/YYYY'),1100,0,'AAAAAAAAAAA');
INSERT INTO PERSONAL_TRAINER VALUES(999991,'PAOLO','MINIERO',TO_DATE('22/06/1972','DD/MM/YYYY'),1100,0,'BBBBBBBBBBB');
INSERT INTO PERSONAL_TRAINER VALUES(999992,'IVAN','ZANICCHI',TO_DATE('28/07/1952','DD/MM/YYYY'),1100,0,'CCCCCCCCCCC');
INSERT INTO PERSONAL_TRAINER VALUES(999993,'ALESSANDRO','ALEOTTI',TO_DATE('21/06/1992','DD/MM/YYYY'),1100,0,'DDDDDDDDDDD');
INSERT INTO PERSONAL_TRAINER VALUES(999994,'MASSIMO','PEZZALI',TO_DATE('21/06/1978','DD/MM/YYYY'),1100,0,'EEEEEEEEEEE');
INSERT INTO PERSONAL_TRAINER VALUES(999995,'STEFANO','LUCHI',TO_DATE('21/06/1981','DD/MM/YYYY'),1100,0,'FFFFFFFFFFF');
INSERT INTO PERSONAL_TRAINER VALUES(999996,'GIUSEPPE','CRISAFULLI',TO_DATE('21/06/1973','DD/MM/YYYY'),1100,0,'GGGGGGGGGGG');
INSERT INTO PERSONAL_TRAINER VALUES(999997,'ROSARIO','RAPPAZZO',TO_DATE('21/06/1984','DD/MM/YYYY'),1100,0,'HHHHHHHHHHH');
INSERT INTO PERSONAL_TRAINER VALUES(999998,'CIRO','MAIELLO',TO_DATE('21/06/1986','DD/MM/YYYY'),1100,0,'LLLLLLLLLLL');
INSERT INTO PERSONAL_TRAINER VALUES(999999,'CHRIS','MARTIN',TO_DATE('21/06/1985','DD/MM/YYYY'),1100,0,'MMMMMMMMMMM');
INSERT INTO PERSONAL_TRAINER VALUES(999910,'ROCCO','SCODELLARO',TO_DATE('21/06/1985','DD/MM/YYYY'),1100,0,'PPPPPPPPPPP');
INSERT INTO PERSONAL_TRAINER VALUES(999911,'NICOLA','CASO',TO_DATE('21/06/1971','DD/MM/YYYY'),1100,0,'XXXXXXXXXXX');
INSERT INTO PERSONAL_TRAINER VALUES(999912,'MICHELE','CAPARIZZA',TO_DATE('21/06/192','DD/MM/YYYY'),1100,0,'KKKKKKKKKKK');
INSERT INTO PERSONAL_TRAINER VALUES(999913,'CLEMENTE','RUSSO',TO_DATE('21/06/1992','DD/MM/YYYY'),1100,0,'VVVVVVVVVVV');
INSERT INTO PERSONAL_TRAINER VALUES(999914,'GIOVANNI','BLOCCO',TO_DATE('21/06/1995','DD/MM/YYYY'),1100,0,'ZZZZZZZZZZZ');
--
INSERT INTO PERSONAL_TRAINER VALUES(999915,'GIANLUCA','SANNINO',TO_DATE('27/12/1979','DD/MM/YYYY'),1100,0,'AAAAAAAAAAA');
INSERT INTO PERSONAL_TRAINER VALUES(999916,'PASQUALE','ANACLERIA',TO_DATE('01/01/1991','DD/MM/YYYY'),1100,0,'BBBBBBBBBBB');
INSERT INTO PERSONAL_TRAINER VALUES(999917,'NICOLA','BOGGIO',TO_DATE('17/12/1989','DD/MM/YYYY'),1100,0,'PPPPPPPPPPP');
INSERT INTO PERSONAL_TRAINER VALUES(999918,'FABIO','FRESCO',TO_DATE('05/09/1993','DD/MM/YYYY'),1100,0,'AAAAAAAAAAA');
INSERT INTO PERSONAL_TRAINER VALUES(999919,'LUCIO','GIONNATO',TO_DATE('25/04/1991','DD/MM/YYYY'),1100,0,'ZZZZZZZZZZZ');
INSERT INTO PERSONAL_TRAINER VALUES(999920,'LORENZO','DIMANO',TO_DATE('15/01/1979','DD/MM/YYYY'),1100,0,'XXXXXXXXXXX');






INSERT INTO CORSO VALUES(444441,'ZUMBA',TO_DATE('1/07/2017','DD/MM/YYYY'),TO_DATE('21/07/2017','DD/MM/YYYY'),'VIA BARTOLO LONGO 85','NAPOLI',80121,999991,'AAAAAAAAAAA');
INSERT INTO CORSO VALUES(444442,'SPINNING',TO_DATE('1/07/2017','DD/MM/YYYY'), TO_DATE('21/07/2017','DD/MM/YYYY'),'VIA BENEVENTO 4','NAPOLI',80121, 999992,'BBBBBBBBBBB');
INSERT INTO CORSO VALUES(444443,'ZUMBA',TO_DATE('1/07/2017','DD/MM/YYYY'), TO_DATE('21/07/2017','DD/MM/YYYY'),'VIA QUATTROMANI 87','AVELLINO',83100,999993,'CCCCCCCCCCC');
INSERT INTO CORSO VALUES(444444,'STEP',TO_DATE('1/07/2017','DD/MM/YYYY'), TO_DATE('21/07/2017','DD/MM/YYYY'),'VIA BENEDETTO 1','BENEVENTO',82100,999994,'DDDDDDDDDDD');
INSERT INTO CORSO VALUES(444445,'BOX',TO_DATE('1/07/2017','DD/MM/YYYY'), TO_DATE('21/07/2017','DD/MM/YYYY'),'VIA GASPARE 34','NAPOLI',80121,999995,'EEEEEEEEEEE');
INSERT INTO CORSO VALUES(444446,'FIT DANCE',TO_DATE('1/07/2017','DD/MM/YYYY'), TO_DATE('21/07/2017','DD/MM/YYYY'),'VIA PAUCIULLO 42','NAPOLI',80121,999996,'FFFFFFFFFFF');
INSERT INTO CORSO VALUES(444447,'SPINNING',TO_DATE('1/07/2017','DD/MM/YYYY'), TO_DATE('21/07/2017','DD/MM/YYYY'),'VIA CAGLIARI 9','NAPOLI',80121,999997,'GGGGGGGGGGG');
INSERT INTO CORSO VALUES(444448,'YOGA',TO_DATE('1/07/2017','DD/MM/YYYY'), TO_DATE('21/07/2017','DD/MM/YYYY'),'VIA TOZZI 23','BENEVENTO',82100,999998,'HHHHHHHHHHH');
INSERT INTO CORSO VALUES(444449,'PILATES',TO_DATE('1/07/2017','DD/MM/YYYY'), TO_DATE('21/07/2017','DD/MM/YYYY'),'VIA IRON MAIDEN 65','CASERTA',81100,999999,'LLLLLLLLLLL');
INSERT INTO CORSO VALUES(444410,'ZUMBA',TO_DATE('1/07/2017','DD/MM/YYYY'), TO_DATE('21/07/2017','DD/MM/YYYY'),'VIA POGGIBONZI 33','CASERTA',81100,999910,'MMMMMMMMMMM');
INSERT INTO CORSO VALUES(444411,'STEP',TO_DATE('1/07/2017','DD/MM/YYYY'), TO_DATE('21/07/2017','DD/MM/YYYY'),'VIA PERONONVALE 90','BENEVENTO',82100,999911,'PPPPPPPPPPP');
INSERT INTO CORSO VALUES(444412,'YOGA',TO_DATE('1/07/2017','DD/MM/YYYY'), TO_DATE('21/07/2017','DD/MM/YYYY'),'VIA GIGLIO 43','AVELLINO',83100,999912,'XXXXXXXXXXX');
INSERT INTO CORSO VALUES(444413,'FIT DANCE',TO_DATE('1/07/2017','DD/MM/YYYY'), TO_DATE('21/07/2017','DD/MM/YYYY'),'VIA BIANCARDI 77','AVELLINO',83100,999913,'KKKKKKKKKKK');
INSERT INTO CORSO VALUES(444414,'BOX',TO_DATE('1/07/2017','DD/MM/YYYY'), TO_DATE('21/07/2017','DD/MM/YYYY'),'VIA BELLINI 56','BENEVENTO',82100,999914,'VVVVVVVVVVV');
INSERT INTO CORSO VALUES(444415,'SPINNING',TO_DATE('1/07/2017','DD/MM/YYYY'), TO_DATE('21/07/2017','DD/MM/YYYY'),'VIA CHARLIE CHAPLIN 5','NAPOLI',80121,999990,'AAAAAAAAAAA');
--
INSERT INTO CORSO VALUES(444416,'SPINNING',TO_DATE('1/07/2017','DD/MM/YYYY'), TO_DATE('21/07/2017','DD/MM/YYYY'),'VIA GOBBATO 33','BENEVENTO',82100,999915,'AAAAAAAAAAA');
INSERT INTO CORSO VALUES(444417,'SPINNING',TO_DATE('1/07/2017','DD/MM/YYYY'), TO_DATE('21/07/2017','DD/MM/YYYY'),'VIA VERONA 87','NAPOLI',80121,999916,'FFFFFFFFFFF');
INSERT INTO CORSO VALUES(444418,'SPINNING',TO_DATE('1/07/2017','DD/MM/YYYY'), TO_DATE('21/07/2017','DD/MM/YYYY'),'VIA DANTE 69','BENEVENTO',82100,999917,'VVVVVVVVVVV');
INSERT INTO CORSO VALUES(444419,'SPINNING',TO_DATE('1/07/2017','DD/MM/YYYY'), TO_DATE('21/07/2017','DD/MM/YYYY'),'VIA QUATTROMANI 87','AVELLINO',83100,999918,'CCCCCCCCCCC');
INSERT INTO CORSO VALUES(444420,'SPINNING',TO_DATE('1/07/2017','DD/MM/YYYY'), TO_DATE('21/07/2017','DD/MM/YYYY'),'VIA CAGLIARI 9','NAPOLI',80121,999919,'GGGGGGGGGGG');


INSERT INTO MISURAZIONE VALUES(TO_DATE('04/06/2017','DD/MM/YYYY'),70,45,30,92,70,170,0,999990,'00000001');
INSERT INTO MISURAZIONE VALUES(TO_DATE('02/05/2017','DD/MM/YYYY'),75,41,36,83,80,186,0,999991,'00000002');
INSERT INTO MISURAZIONE VALUES(TO_DATE('05/04/2017','DD/MM/YYYY'),80,30,25,85,93,205,0,999992,'00000003');
INSERT INTO MISURAZIONE VALUES(TO_DATE('02/04/2017','DD/MM/YYYY'),75,40,31,87,75,177,0,999993,'00000004');
INSERT INTO MISURAZIONE VALUES(TO_DATE('03/05/2017','DD/MM/YYYY'),70,46,32,72,68,159,0,999994,'00000005');
INSERT INTO MISURAZIONE VALUES(TO_DATE('03/06/2017','DD/MM/YYYY'),73,41,33,82,75,173,0,999995,'00000006');
INSERT INTO MISURAZIONE VALUES(TO_DATE('02/06/2017','DD/MM/YYYY'),77,42,34,92,77,182,0,999996,'00000007');
INSERT INTO MISURAZIONE VALUES(TO_DATE('02/07/2017','DD/MM/YYYY'),78,46,47,85,72,175,0,999997,'00000008');
INSERT INTO MISURAZIONE VALUES(TO_DATE('05/05/2017','DD/MM/YYYY'),77,41,38,87,70,177,0,999998,'00000009');
INSERT INTO MISURAZIONE VALUES(TO_DATE('12/06/2017','DD/MM/YYYY'),76,44,32,81,69,170,0,999999,'00000010');
INSERT INTO MISURAZIONE VALUES(TO_DATE('05/03/2017','DD/MM/YYYY'),79,48,33,87,80,182,0,999910,'00000011');
INSERT INTO MISURAZIONE VALUES(TO_DATE('02/03/2017','DD/MM/YYYY'),74,43,34,93,93,195,0,999911,'00000012');
INSERT INTO MISURAZIONE VALUES(TO_DATE('04/07/2017','DD/MM/YYYY'),73,46,39,78,76,175,0,999912,'00000013');
INSERT INTO MISURAZIONE VALUES(TO_DATE('03/03/2017','DD/MM/YYYY'),79,45,38,62,75,187,0,999913,'00000014');
INSERT INTO MISURAZIONE VALUES(TO_DATE('02/02/2017','DD/MM/YYYY'),74,41,30,86,78,185,0,999914,'00000015');
--




INSERT INTO SCHEDA VALUES(TO_DATE('04/06/2017','DD/MM/YYYY'),3,'00000001',999990);
INSERT INTO SCHEDA VALUES(TO_DATE('02/05/2017','DD/MM/YYYY'),3,'00000002',999991);
INSERT INTO SCHEDA VALUES(TO_DATE('05/04/2017','DD/MM/YYYY'),3,'00000003',999992);
INSERT INTO SCHEDA VALUES(TO_DATE('02/04/2017','DD/MM/YYYY'),3,'00000004',999993);
INSERT INTO SCHEDA VALUES(TO_DATE('03/05/2017','DD/MM/YYYY'),3,'00000005',999994);
INSERT INTO SCHEDA VALUES(TO_DATE('03/06/2017','DD/MM/YYYY'),3,'00000006',999995);
INSERT INTO SCHEDA VALUES(TO_DATE('02/06/2017','DD/MM/YYYY'),3,'00000007',999996);
INSERT INTO SCHEDA VALUES(TO_DATE('02/07/2017','DD/MM/YYYY'),3,'00000008',999997);
INSERT INTO SCHEDA VALUES(TO_DATE('05/05/2017','DD/MM/YYYY'),3,'00000009',999998);
INSERT INTO SCHEDA VALUES(TO_DATE('02/01/2017','DD/MM/YYYY'),3,'00000010',999999);
INSERT INTO SCHEDA VALUES(TO_DATE('05/03/2017','DD/MM/YYYY'),3,'00000011',999910);
INSERT INTO SCHEDA VALUES(TO_DATE('02/03/2017','DD/MM/YYYY'),3,'00000012',999911);
INSERT INTO SCHEDA VALUES(TO_DATE('04/07/2017','DD/MM/YYYY'),3,'00000013',999912);
INSERT INTO SCHEDA VALUES(TO_DATE('03/03/2017','DD/MM/YYYY'),3,'00000014',999913);
INSERT INTO SCHEDA VALUES(TO_DATE('02/02/2017','DD/MM/YYYY'),3,'00000015',999914);



INSERT INTO E_ISCRITTO VALUES(TO_DATE('01/09/2016','DD/MM/YYYY'),'00000001','AAAAAAAAAAA');
INSERT INTO E_ISCRITTO VALUES(TO_DATE('01/09/2016','DD/MM/YYYY'),'00000002','BBBBBBBBBBB');
INSERT INTO E_ISCRITTO VALUES(TO_DATE('01/04/2016','DD/MM/YYYY'),'00000003','CCCCCCCCCCC');
INSERT INTO E_ISCRITTO VALUES(TO_DATE('01/03/2016','DD/MM/YYYY'),'00000004','DDDDDDDDDDD');
INSERT INTO E_ISCRITTO VALUES(TO_DATE('01/12/2016','DD/MM/YYYY'),'00000005','EEEEEEEEEEE');
INSERT INTO E_ISCRITTO VALUES(TO_DATE('01/11/2016','DD/MM/YYYY'),'00000006','FFFFFFFFFFF');
INSERT INTO E_ISCRITTO VALUES(TO_DATE('01/04/2016','DD/MM/YYYY'),'00000007','GGGGGGGGGGG');
INSERT INTO E_ISCRITTO VALUES(TO_DATE('01/02/2016','DD/MM/YYYY'),'00000008','HHHHHHHHHHH');
INSERT INTO E_ISCRITTO VALUES(TO_DATE('01/01/2016','DD/MM/YYYY'),'00000009','LLLLLLLLLLL');
INSERT INTO E_ISCRITTO VALUES(TO_DATE('01/09/2016','DD/MM/YYYY'),'00000010','MMMMMMMMMMM');
INSERT INTO E_ISCRITTO VALUES(TO_DATE('01/07/2016','DD/MM/YYYY'),'00000011','PPPPPPPPPPP');
INSERT INTO E_ISCRITTO VALUES(TO_DATE('01/05/2016','DD/MM/YYYY'),'00000012','XXXXXXXXXXX');
INSERT INTO E_ISCRITTO VALUES(TO_DATE('01/06/2016','DD/MM/YYYY'),'00000013','KKKKKKKKKKK');
INSERT INTO E_ISCRITTO VALUES(TO_DATE('01/07/2016','DD/MM/YYYY'),'00000014','VVVVVVVVVVV');
INSERT INTO E_ISCRITTO VALUES(TO_DATE('01/07/2016','DD/MM/YYYY'),'00000015','ZZZZZZZZZZZ');
--
INSERT INTO E_ISCRITTO VALUES(TO_DATE('01/09/2016','DD/MM/YYYY'),'00000016','AAAAAAAAAAA');
INSERT INTO E_ISCRITTO VALUES(TO_DATE('01/09/2016','DD/MM/YYYY'),'00000017','BBBBBBBBBBB');
INSERT INTO E_ISCRITTO VALUES(TO_DATE('01/04/2016','DD/MM/YYYY'),'00000018','CCCCCCCCCCC');
INSERT INTO E_ISCRITTO VALUES(TO_DATE('01/03/2016','DD/MM/YYYY'),'00000019','DDDDDDDDDDD');
INSERT INTO E_ISCRITTO VALUES(TO_DATE('01/12/2016','DD/MM/YYYY'),'00000020','EEEEEEEEEEE');
INSERT INTO E_ISCRITTO VALUES(TO_DATE('01/11/2016','DD/MM/YYYY'),'00000021','FFFFFFFFFFF');
INSERT INTO E_ISCRITTO VALUES(TO_DATE('01/04/2016','DD/MM/YYYY'),'00000022','GGGGGGGGGGG');
INSERT INTO E_ISCRITTO VALUES(TO_DATE('01/02/2016','DD/MM/YYYY'),'00000023','HHHHHHHHHHH');
INSERT INTO E_ISCRITTO VALUES(TO_DATE('01/01/2016','DD/MM/YYYY'),'00000024','LLLLLLLLLLL');
INSERT INTO E_ISCRITTO VALUES(TO_DATE('01/09/2016','DD/MM/YYYY'),'00000025','MMMMMMMMMMM');
INSERT INTO E_ISCRITTO VALUES(TO_DATE('01/07/2016','DD/MM/YYYY'),'00000026','PPPPPPPPPPP');
INSERT INTO E_ISCRITTO VALUES(TO_DATE('01/05/2016','DD/MM/YYYY'),'00000027','XXXXXXXXXXX');
INSERT INTO E_ISCRITTO VALUES(TO_DATE('01/06/2016','DD/MM/YYYY'),'00000028','KKKKKKKKKKK');
INSERT INTO E_ISCRITTO VALUES(TO_DATE('01/07/2016','DD/MM/YYYY'),'00000029','VVVVVVVVVVV');
INSERT INTO E_ISCRITTO VALUES(TO_DATE('01/07/2016','DD/MM/YYYY'),'00000030','ZZZZZZZZZZZ');


INSERT INTO FREQUENTA VALUES(444441,'00000001',TO_DATE('01/09/2016','DD/MM/YYYY'));
INSERT INTO FREQUENTA VALUES(444442,'00000002',TO_DATE('01/09/2016','DD/MM/YYYY'));
INSERT INTO FREQUENTA VALUES(444443,'00000003',TO_DATE('01/09/2016','DD/MM/YYYY'));
INSERT INTO FREQUENTA VALUES(444444,'00000004',TO_DATE('01/09/2016','DD/MM/YYYY'));
INSERT INTO FREQUENTA VALUES(444445,'00000005',TO_DATE('01/09/2016','DD/MM/YYYY'));
INSERT INTO FREQUENTA VALUES(444446,'00000006',TO_DATE('01/09/2016','DD/MM/YYYY'));
INSERT INTO FREQUENTA VALUES(444447,'00000007',TO_DATE('01/09/2016','DD/MM/YYYY'));
INSERT INTO FREQUENTA VALUES(444448,'00000008',TO_DATE('01/09/2016','DD/MM/YYYY'));
INSERT INTO FREQUENTA VALUES(444449,'00000009',TO_DATE('01/09/2016','DD/MM/YYYY'));
INSERT INTO FREQUENTA VALUES(444410,'00000010',TO_DATE('01/09/2016','DD/MM/YYYY'));
INSERT INTO FREQUENTA VALUES(444411,'00000011',TO_DATE('01/09/2016','DD/MM/YYYY'));
INSERT INTO FREQUENTA VALUES(444412,'00000012',TO_DATE('01/09/2016','DD/MM/YYYY'));
INSERT INTO FREQUENTA VALUES(444413,'00000013',TO_DATE('01/09/2016','DD/MM/YYYY'));
INSERT INTO FREQUENTA VALUES(444414,'00000014',TO_DATE('01/09/2016','DD/MM/YYYY'));
INSERT INTO FREQUENTA VALUES(444415,'00000015',TO_DATE('01/09/2016','DD/MM/YYYY'));
--
INSERT INTO FREQUENTA VALUES(444416,'00000016',TO_DATE('01/09/2016','DD/MM/YYYY'));
INSERT INTO FREQUENTA VALUES(444417,'00000017',TO_DATE('01/09/2016','DD/MM/YYYY'));
INSERT INTO FREQUENTA VALUES(444418,'00000018',TO_DATE('01/09/2016','DD/MM/YYYY'));
INSERT INTO FREQUENTA VALUES(444419,'00000019',TO_DATE('01/09/2016','DD/MM/YYYY'));
INSERT INTO FREQUENTA VALUES(444420,'00000022',TO_DATE('01/09/2016','DD/MM/YYYY'));
INSERT INTO FREQUENTA VALUES(444441,'00000020',TO_DATE('01/09/2016','DD/MM/YYYY'));
INSERT INTO FREQUENTA VALUES(444444,'00000021',TO_DATE('01/09/2016','DD/MM/YYYY'));






INSERT INTO COMPOSTO_DA VALUES(1,TO_DATE('04/06/2017','DD/MM/YYYY'),'00000001',40,10,4);
INSERT INTO COMPOSTO_DA VALUES(2,TO_DATE('02/05/2017','DD/MM/YYYY'),'00000002', 150, 8, 3);
INSERT INTO COMPOSTO_DA VALUES(3,TO_DATE('05/04/2017','DD/MM/YYYY'),'00000003', 30, 10, 4);
INSERT INTO COMPOSTO_DA VALUES(4,TO_DATE('02/04/2017','DD/MM/YYYY'),'00000004', 15, 12, 2);
INSERT INTO COMPOSTO_DA VALUES(5,TO_DATE('03/05/2017','DD/MM/YYYY'),'00000005', 8, 14, 4);
INSERT INTO COMPOSTO_DA VALUES(6,TO_DATE('03/06/2017','DD/MM/YYYY'),'00000006', 15, 6, 4);
INSERT INTO COMPOSTO_DA VALUES(7,TO_DATE('02/06/2017','DD/MM/YYYY'),'00000007', 60, 3, 3);
INSERT INTO COMPOSTO_DA VALUES(8,TO_DATE('02/07/2017','DD/MM/YYYY'),'00000008', 30, 4, 3);
INSERT INTO COMPOSTO_DA VALUES(9,TO_DATE('05/05/2017','DD/MM/YYYY'),'00000009', 20, 8, 3);
INSERT INTO COMPOSTO_DA VALUES(10,TO_DATE('02/01/2017','DD/MM/YYYY'),'00000010', 20, 7, 4);
INSERT INTO COMPOSTO_DA VALUES(11,TO_DATE('05/03/2017','DD/MM/YYYY'),'00000011', 15, 6, 5);
INSERT INTO COMPOSTO_DA VALUES(12,TO_DATE('02/03/2017','DD/MM/YYYY'),'00000012', 15, 5, 4);
INSERT INTO COMPOSTO_DA VALUES(13,TO_DATE('04/07/2017','DD/MM/YYYY'),'00000013', 7, 12, 1);
INSERT INTO COMPOSTO_DA VALUES(14,TO_DATE('03/03/2017','DD/MM/YYYY'),'00000014', 6, 10, 6);
INSERT INTO COMPOSTO_DA VALUES(15,TO_DATE('02/02/2017','DD/MM/YYYY'),'00000015', 30, 16, 4);




INSERT INTO SVOLTO_CON VALUES(222221,1);
INSERT INTO SVOLTO_CON VALUES(222222,2);
INSERT INTO SVOLTO_CON VALUES(222223,3);
INSERT INTO SVOLTO_CON VALUES(222224,4);
INSERT INTO SVOLTO_CON VALUES(222225,5);
INSERT INTO SVOLTO_CON VALUES(222226,6);
INSERT INTO SVOLTO_CON VALUES(222227,7);
INSERT INTO SVOLTO_CON VALUES(222228,8);
INSERT INTO SVOLTO_CON VALUES(222229,9);
INSERT INTO SVOLTO_CON VALUES(222210,10);
INSERT INTO SVOLTO_CON VALUES(222211,11);
INSERT INTO SVOLTO_CON VALUES(222212,12);
INSERT INTO SVOLTO_CON VALUES(222213,13);
INSERT INTO SVOLTO_CON VALUES(222214,14);
INSERT INTO SVOLTO_CON VALUES(222215,15);

commit;